-- phpMyAdmin SQL Dump
-- version 5.2.1
-- https://www.phpmyadmin.net/
--
-- Hôte : 127.0.0.1
-- Généré le : ven. 03 oct. 2025 à 09:33
-- Version du serveur : 10.4.32-MariaDB
-- Version de PHP : 8.2.12

SET SQL_MODE = "NO_AUTO_VALUE_ON_ZERO";
START TRANSACTION;
SET time_zone = "+00:00";


/*!40101 SET @OLD_CHARACTER_SET_CLIENT=@@CHARACTER_SET_CLIENT */;
/*!40101 SET @OLD_CHARACTER_SET_RESULTS=@@CHARACTER_SET_RESULTS */;
/*!40101 SET @OLD_COLLATION_CONNECTION=@@COLLATION_CONNECTION */;
/*!40101 SET NAMES utf8mb4 */;

--
-- Base de données : `g3_s3_edd_sup`
--

-- --------------------------------------------------------

--
-- Structure de la table `customers`
--

CREATE TABLE `customers` (
  `id_customer` int(2) NOT NULL,
  `first_name` varchar(11) DEFAULT NULL,
  `last_name` varchar(9) DEFAULT NULL,
  `email` varchar(36) DEFAULT NULL,
  `country` varchar(44) DEFAULT NULL,
  `signup_date` varchar(10) DEFAULT NULL
) ENGINE=InnoDB DEFAULT CHARSET=utf8 COLLATE=utf8_general_ci;

--
-- Déchargement des données de la table `customers`
--

INSERT INTO `customers` (`id_customer`, `first_name`, `last_name`, `email`, `country`, `signup_date`) VALUES
(1, 'Margaret', 'Holmes', 'michellewhite@hopkins.com', 'United States Virgin Islands', '2024-10-30'),
(2, 'Christopher', 'Obrien', 'nathanmarshall@mcfarland.com', 'Anguilla', '2025-08-12'),
(3, 'Michael', 'Walker', 'laura95@thomas.com', 'Italy', '2023-09-20'),
(4, 'Rebecca', 'Williams', 'perezsabrina@yahoo.com', 'Mongolia', '2023-09-21'),
(5, 'Tammy', 'Nguyen', 'angelicahoward@gmail.com', 'Argentina', '2024-03-17'),
(6, 'Lisa', 'Williams', 'dalvarez@hamilton.com', 'Uzbekistan', '2023-10-04'),
(7, 'Justin', 'Perez', 'pereznatalie@hotmail.com', 'Lesotho', '2023-03-17'),
(8, 'Wayne', 'Hart', 'marcus23@moore-johnson.info', 'Armenia', '2024-11-08'),
(9, 'Walter', 'Hancock', 'christophercline@hotmail.com', 'Mayotte', '2023-01-22'),
(10, 'Dylan', 'Durham', 'jarmstrong@cochran.biz', 'Mexico', '2023-09-23'),
(11, 'Nicole', 'Jackson', 'melissawalter@mcdonald-wilkinson.com', 'Vanuatu', '2024-04-25'),
(12, 'Gary', 'Mcclain', 'tina83@pineda.com', 'Sao Tome and Principe', '2023-05-29'),
(13, 'Joshua', 'Obrien', 'calvin93@johnson-thompson.net', 'Tanzania', '2024-08-24'),
(14, 'Gwendolyn', 'Morgan', 'brownjennifer@oneill.biz', 'Slovakia (Slovak Republic)', '2024-10-08'),
(15, 'Zoe', 'Wheeler', 'amanda37@hotmail.com', 'Tunisia', '2024-07-17'),
(16, 'Timothy', 'Miller', 'wcantrell@johnson.com', 'French Polynesia', '2022-10-11'),
(17, 'Lisa', 'Marquez', 'alicia57@perry.com', 'Vanuatu', '2023-01-03'),
(18, 'Candace', 'Blair', 'tdodson@gmail.com', 'Pitcairn Islands', '2022-12-31'),
(19, 'Shannon', 'Jensen', 'watkinskelsey@kim.net', 'Wallis and Futuna', '2023-01-09'),
(20, 'Alyssa', 'Reed', 'robertcampbell@powers-carey.com', 'Nauru', '2023-01-21'),
(21, 'Laura', 'Fernandez', 'brookskelly@phillips-russell.info', 'British Virgin Islands', '2025-07-29'),
(22, 'John', 'Mcpherson', 'andrewwood@ward-johnson.com', 'Anguilla', '2025-08-01'),
(23, 'Laura', 'Duke', 'kgreen@doyle-love.com', 'Equatorial Guinea', '2023-02-19'),
(24, 'Michael', 'Stanley', 'xcurtis@smith.com', 'Hong Kong', '2024-11-30'),
(25, 'Michelle', 'Farley', 'amanda84@avila.com', 'New Zealand', '2024-04-20'),
(26, 'Ryan', 'Anderson', 'alexandersmith@stephens.com', 'Wallis and Futuna', '2024-11-28'),
(27, 'John', 'Jimenez', 'williamsonphilip@ward.com', 'Thailand', '2022-12-08'),
(28, 'Kathleen', 'Elliott', 'tonya92@strickland.com', 'Colombia', '2023-04-18'),
(29, 'John', 'Cordova', 'david03@jensen.com', 'Cocos (Keeling) Islands', '2023-02-15'),
(30, 'Travis', 'Smith', 'marshpaula@jackson.com', 'Bahamas', '2023-08-30'),
(31, 'Tanya', 'Steele', 'whubbard@kim.com', 'Antarctica (the territory South of 60 deg S)', '2023-05-07'),
(32, 'Kristin', 'Howell', 'tracistark@fisher.biz', 'Namibia', '2023-11-04'),
(33, 'Stacie', 'Simmons', 'harrellheather@yahoo.com', 'Swaziland', '2023-11-12'),
(34, 'Jeffrey', 'Owens', 'zcochran@hotmail.com', 'Samoa', '2022-12-17'),
(35, 'Ruth', 'Hartman', 'kathleenwade@hotmail.com', 'France', '2023-11-15'),
(36, 'Jamie', 'Tate', 'sarahlawson@johnson.com', 'Guadeloupe', '2025-07-26'),
(37, 'Jennifer', 'Ali', 'qtaylor@hotmail.com', 'Ukraine', '2023-05-27'),
(38, 'Ethan', 'Howard', 'amberdaniels@decker-duncan.com', 'Uruguay', '2023-06-11'),
(39, 'Andrew', 'Gray', 'sean39@gmail.com', 'Iceland', '2025-02-18'),
(40, 'Connie', 'Taylor', 'jaclynbradley@hotmail.com', 'Isle of Man', '2023-12-10'),
(41, 'Jean', 'Gray', 'qlopez@yahoo.com', 'Saint Pierre and Miquelon', '2025-08-23'),
(42, 'Julia', 'Brown', 'mbecker@yahoo.com', 'Sri Lanka', '2023-05-31'),
(43, 'Rodney', 'Spencer', 'michael33@yahoo.com', 'Croatia', '2025-05-19'),
(44, 'Justin', 'Clay', 'isaacjohns@gmail.com', 'Montenegro', '2024-05-07'),
(45, 'Courtney', 'Juarez', 'gvillanueva@hotmail.com', 'Malaysia', '2025-04-19'),
(46, 'James', 'Lopez', 'bookerbrian@schneider.biz', 'Cocos (Keeling) Islands', '2023-06-13'),
(47, 'Anthony', 'Hall', 'allisonalvarado@hotmail.com', 'Bahamas', '2023-07-15'),
(48, 'Michelle', 'Gibson', 'michelle26@mcgee.com', 'Bolivia', '2022-11-14'),
(49, 'Alison', 'Grant', 'barryhoward@smith-bowers.biz', 'British Virgin Islands', '2025-09-21'),
(50, 'Pamela', 'Barber', 'hernandezdonald@hanson.com', 'Mauritius', '2024-11-08');

-- --------------------------------------------------------

--
-- Structure de la table `dates`
--

CREATE TABLE `dates` (
  `id_date` int(11) NOT NULL,
  `full_date` datetime NOT NULL DEFAULT current_timestamp(),
  `day` tinyint(4) GENERATED ALWAYS AS (dayofmonth(`full_date`)) STORED,
  `month` tinyint(4) GENERATED ALWAYS AS (month(`full_date`)) STORED,
  `year` smallint(6) GENERATED ALWAYS AS (year(`full_date`)) STORED,
  `hour` tinyint(4) GENERATED ALWAYS AS (hour(`full_date`)) STORED,
  `minute` tinyint(4) GENERATED ALWAYS AS (minute(`full_date`)) STORED
) ENGINE=InnoDB DEFAULT CHARSET=utf8mb4 COLLATE=utf8mb4_general_ci;

--
-- Déchargement des données de la table `dates`
--

INSERT INTO `dates` (`id_date`, `full_date`) VALUES
(1, '2025-10-01 00:00:00');

-- --------------------------------------------------------

--
-- Structure de la table `orders`
--

CREATE TABLE `orders` (
  `id_order` int(3) NOT NULL,
  `id_customer` int(2) DEFAULT NULL,
  `order_date` varchar(10) DEFAULT NULL,
  `total_amount` decimal(6,2) DEFAULT NULL
) ENGINE=InnoDB DEFAULT CHARSET=utf8 COLLATE=utf8_general_ci;

--
-- Déchargement des données de la table `orders`
--

INSERT INTO `orders` (`id_order`, `id_customer`, `order_date`, `total_amount`) VALUES
(1, 36, '2024-10-10', 757.20),
(2, 35, '2025-07-23', 545.08),
(3, 16, '2025-04-24', 793.40),
(4, 41, '2025-09-02', 88.74),
(5, 17, '2024-03-31', 398.16),
(6, 28, '2025-07-09', 1187.58),
(7, 16, '2024-06-30', 3689.91),
(8, 29, '2025-04-23', 986.61),
(9, 24, '2025-03-31', 2171.96),
(10, 44, '2025-08-29', 632.88),
(11, 2, '2023-11-25', 755.40),
(12, 13, '2025-08-05', 406.95),
(13, 48, '2024-11-10', 2197.07),
(14, 14, '2025-02-24', 1787.70),
(15, 1, '2025-02-28', 2169.52),
(16, 16, '2025-03-08', 788.36),
(17, 20, '2024-12-22', 1872.98),
(18, 29, '2024-04-23', 1855.83),
(19, 6, '2024-03-06', 1444.80),
(20, 32, '2024-05-24', 2597.18),
(21, 23, '2025-01-29', 1369.61),
(22, 26, '2025-01-30', 2446.90),
(23, 4, '2025-02-26', 1839.18),
(24, 21, '2024-06-13', 1172.44),
(25, 31, '2025-08-26', 430.89),
(26, 32, '2024-08-05', 1667.10),
(27, 32, '2023-12-19', 80.60),
(28, 39, '2025-01-01', 2009.19),
(29, 7, '2024-07-25', 2310.90),
(30, 11, '2023-11-28', 8.10),
(31, 48, '2025-02-16', 1772.60),
(32, 46, '2024-09-15', 2236.80),
(33, 39, '2024-03-11', 2265.30),
(34, 33, '2023-11-07', 558.81),
(35, 26, '2025-09-08', 1648.50),
(36, 27, '2024-02-05', 1248.15),
(37, 31, '2024-06-12', 1311.12),
(38, 39, '2024-11-02', 642.48),
(39, 38, '2025-09-12', 1395.78),
(40, 26, '2024-11-14', 1942.36),
(41, 37, '2025-04-04', 1248.23),
(42, 4, '2023-11-27', 1418.99),
(43, 47, '2025-09-10', 8.10),
(44, 43, '2024-05-28', 1473.32),
(45, 5, '2025-07-08', 956.78),
(46, 6, '2024-12-30', 2008.47),
(47, 38, '2024-11-22', 1578.02),
(48, 42, '2025-09-14', 2481.15),
(49, 30, '2024-11-05', 35.43),
(50, 45, '2025-09-01', 1843.53),
(51, 1, '2024-12-17', 1826.76),
(52, 9, '2025-08-25', 848.54),
(53, 37, '2024-10-02', 1172.23),
(54, 10, '2025-07-07', 1116.57),
(55, 28, '2023-10-05', 664.18),
(56, 4, '2024-04-25', 840.44),
(57, 20, '2024-02-15', 3483.00),
(58, 50, '2025-01-18', 1217.51),
(59, 3, '2024-11-22', 1260.66),
(60, 31, '2025-06-23', 1118.41),
(61, 49, '2023-11-25', 305.74),
(62, 39, '2024-03-26', 2553.19),
(63, 23, '2025-09-05', 528.84),
(64, 30, '2025-05-15', 3302.17),
(65, 40, '2023-09-30', 1369.63),
(66, 10, '2024-11-22', 1115.75),
(67, 16, '2024-09-18', 1747.21),
(68, 50, '2025-02-27', 1857.34),
(69, 44, '2024-03-07', 2164.61),
(70, 41, '2024-03-08', 443.51),
(71, 39, '2023-12-12', 1784.28),
(72, 11, '2024-03-27', 653.56),
(73, 31, '2025-03-31', 1673.48),
(74, 18, '2024-09-06', 737.26),
(75, 18, '2024-09-17', 1741.28),
(76, 2, '2025-02-01', 760.18),
(77, 30, '2025-02-16', 1382.51),
(78, 25, '2024-07-30', 1284.96),
(79, 13, '2024-07-06', 398.16),
(80, 19, '2024-01-12', 903.79),
(81, 31, '2024-02-27', 1320.35),
(82, 12, '2024-11-05', 1365.19),
(83, 31, '2023-12-20', 2606.79),
(84, 45, '2024-07-28', 1090.76),
(85, 23, '2025-06-02', 3023.88),
(86, 39, '2023-11-08', 845.00),
(87, 22, '2024-05-25', 1125.55),
(88, 46, '2025-02-01', 819.83),
(89, 15, '2025-05-27', 1385.45),
(90, 36, '2024-09-24', 120.90),
(91, 19, '2024-01-06', 1126.95),
(92, 11, '2024-08-30', 3458.56),
(93, 33, '2024-02-22', 1897.82),
(94, 5, '2024-11-14', 959.47),
(95, 39, '2024-02-17', 1976.52),
(96, 22, '2023-11-02', 1158.17),
(97, 15, '2024-01-05', 1359.10),
(98, 39, '2024-07-09', 1130.40),
(99, 20, '2024-07-14', 1064.87),
(100, 4, '2025-01-27', 293.37),
(101, 45, '2024-06-21', 3012.34),
(102, 40, '2025-01-07', 826.53),
(103, 48, '2025-05-20', 588.23),
(104, 27, '2024-07-30', 3047.43),
(105, 3, '2024-01-23', 1743.41),
(106, 38, '2025-01-20', 1591.23),
(107, 23, '2024-01-25', 3000.92),
(108, 34, '2025-08-23', 3411.02),
(109, 23, '2024-11-30', 2523.09),
(110, 24, '2023-10-29', 1167.63),
(111, 22, '2025-04-05', 1062.70),
(112, 9, '2024-09-19', 1972.73),
(113, 7, '2024-07-09', 1741.97),
(114, 19, '2025-01-30', 2082.66),
(115, 18, '2024-02-01', 2217.15),
(116, 10, '2024-10-21', 1200.87),
(117, 45, '2025-05-12', 957.21),
(118, 33, '2025-08-24', 1036.21),
(119, 31, '2024-06-25', 106.29),
(120, 16, '2024-08-28', 840.44),
(121, 17, '2024-03-10', 931.51),
(122, 18, '2025-01-05', 2564.61),
(123, 33, '2024-05-19', 1446.34),
(124, 30, '2025-05-25', 214.16),
(125, 35, '2023-11-09', 725.82),
(126, 33, '2025-05-28', 2641.24),
(127, 48, '2023-11-09', 1449.17),
(128, 1, '2024-03-09', 463.75),
(129, 35, '2023-10-04', 1571.31),
(130, 13, '2025-03-19', 1241.54),
(131, 12, '2025-08-07', 24.30),
(132, 43, '2025-09-07', 319.07),
(133, 47, '2025-03-23', 1310.14),
(134, 23, '2025-07-24', 1731.63),
(135, 30, '2023-10-12', 654.34),
(136, 47, '2024-11-09', 1524.61),
(137, 5, '2023-11-27', 1777.07),
(138, 24, '2024-06-16', 3712.58),
(139, 25, '2024-06-28', 1333.70),
(140, 16, '2024-05-22', 1351.66),
(141, 30, '2025-09-26', 687.36),
(142, 26, '2023-09-30', 2099.76),
(143, 37, '2025-02-04', 1811.41),
(144, 27, '2024-10-09', 1429.55),
(145, 6, '2024-07-24', 457.98),
(146, 6, '2024-10-20', 1656.98),
(147, 42, '2025-06-18', 600.67),
(148, 15, '2025-04-04', 984.83),
(149, 4, '2024-08-09', 1678.32),
(150, 14, '2024-07-16', 2387.77),
(151, 47, '2024-08-08', 770.73),
(152, 44, '2025-09-22', 852.35),
(153, 39, '2025-03-28', 281.64),
(154, 1, '2024-01-04', 1146.04),
(155, 2, '2024-06-28', 2225.84),
(156, 38, '2025-09-26', 29.58),
(157, 44, '2025-06-02', 2282.40),
(158, 27, '2024-11-26', 1314.61),
(159, 28, '2024-08-05', 2169.08),
(160, 37, '2024-11-21', 2837.90),
(161, 24, '2024-06-03', 1096.83),
(162, 10, '2025-02-23', 678.10),
(163, 36, '2025-01-05', 670.91),
(164, 26, '2025-09-01', 1771.22),
(165, 50, '2024-08-27', 1244.51),
(166, 45, '2024-04-27', 2881.19),
(167, 47, '2023-12-27', 373.18),
(168, 32, '2024-01-10', 2543.17),
(169, 24, '2025-08-18', 1794.80),
(170, 39, '2023-12-10', 1881.89),
(171, 11, '2024-02-26', 1737.44),
(172, 31, '2024-11-02', 950.81),
(173, 33, '2025-01-16', 3167.74),
(174, 19, '2024-04-06', 1168.40),
(175, 43, '2025-07-28', 957.21),
(176, 43, '2024-04-16', 987.71),
(177, 36, '2024-05-29', 1150.74),
(178, 45, '2025-07-26', 739.28),
(179, 42, '2024-12-17', 1758.51),
(180, 33, '2025-08-29', 1435.96),
(181, 36, '2024-09-04', 1893.45),
(182, 11, '2024-09-30', 781.96),
(183, 22, '2025-08-04', 2353.68),
(184, 38, '2025-05-21', 1924.48),
(185, 47, '2025-05-16', 1922.18),
(186, 45, '2024-07-09', 932.73),
(187, 24, '2025-01-15', 339.05),
(188, 47, '2023-10-29', 1173.60),
(189, 6, '2024-10-04', 2242.17),
(190, 2, '2025-01-18', 1925.64),
(191, 44, '2024-03-11', 80.60),
(192, 18, '2025-06-24', 319.07),
(193, 33, '2023-12-09', 446.22),
(194, 34, '2024-02-05', 2189.37),
(195, 42, '2024-11-25', 2087.59),
(196, 38, '2024-11-14', 8.10),
(197, 35, '2023-10-18', 748.96),
(198, 23, '2025-02-10', 135.81),
(199, 2, '2024-11-14', 915.96),
(200, 46, '2023-12-25', 362.91);

-- --------------------------------------------------------

--
-- Structure de la table `order_items`
--

CREATE TABLE `order_items` (
  `id_order` int(3) DEFAULT NULL,
  `id_product` int(2) DEFAULT NULL,
  `quantity` int(1) DEFAULT NULL,
  `unit_price` decimal(5,2) DEFAULT NULL,
  `date_id` int(11) DEFAULT NULL
) ENGINE=InnoDB DEFAULT CHARSET=utf8 COLLATE=utf8_general_ci;

--
-- Déchargement des données de la table `order_items`
--

INSERT INTO `order_items` (`id_order`, `id_product`, `quantity`, `unit_price`, `date_id`) VALUES
(1, 18, 2, 334.23, 1),
(1, 1, 3, 29.58, 1),
(2, 15, 1, 135.81, 1),
(2, 1, 2, 29.58, 1),
(2, 7, 1, 8.10, 1),
(2, 9, 1, 206.20, 1),
(2, 15, 1, 135.81, 1),
(3, 11, 2, 186.59, 1),
(3, 3, 1, 420.22, 1),
(4, 1, 3, 29.58, 1),
(5, 17, 3, 132.72, 1),
(6, 13, 2, 457.98, 1),
(6, 15, 2, 135.81, 1),
(7, 4, 1, 40.30, 1),
(7, 20, 2, 328.87, 1),
(7, 3, 3, 420.22, 1),
(7, 10, 3, 362.91, 1),
(7, 6, 3, 214.16, 1),
(8, 20, 3, 328.87, 1),
(9, 3, 3, 420.22, 1),
(9, 3, 2, 420.22, 1),
(9, 12, 2, 35.43, 1),
(10, 16, 3, 210.96, 1),
(11, 1, 1, 29.58, 1),
(11, 10, 2, 362.91, 1),
(12, 11, 1, 186.59, 1),
(12, 1, 2, 29.58, 1),
(12, 4, 3, 40.30, 1),
(12, 4, 1, 40.30, 1),
(13, 1, 1, 29.58, 1),
(13, 13, 3, 457.98, 1),
(13, 20, 2, 328.87, 1),
(13, 15, 1, 135.81, 1),
(14, 2, 1, 319.07, 1),
(14, 1, 1, 29.58, 1),
(14, 19, 1, 97.79, 1),
(14, 4, 2, 40.30, 1),
(14, 3, 3, 420.22, 1),
(15, 18, 1, 334.23, 1),
(15, 9, 1, 206.20, 1),
(15, 20, 3, 328.87, 1),
(15, 6, 3, 214.16, 1),
(16, 5, 1, 155.48, 1),
(16, 16, 3, 210.96, 1),
(17, 3, 2, 420.22, 1),
(17, 12, 3, 35.43, 1),
(17, 16, 3, 210.96, 1),
(17, 19, 3, 97.79, 1),
(18, 17, 1, 132.72, 1),
(18, 6, 1, 214.16, 1),
(18, 10, 3, 362.91, 1),
(18, 3, 1, 420.22, 1),
(19, 13, 3, 457.98, 1),
(19, 12, 2, 35.43, 1),
(20, 14, 3, 389.21, 1),
(20, 8, 3, 339.05, 1),
(20, 9, 2, 206.20, 1),
(21, 2, 3, 319.07, 1),
(21, 9, 2, 206.20, 1),
(22, 6, 3, 214.16, 1),
(22, 3, 1, 420.22, 1),
(22, 16, 3, 210.96, 1),
(22, 9, 3, 206.20, 1),
(22, 17, 1, 132.72, 1),
(23, 19, 1, 97.79, 1),
(23, 11, 2, 186.59, 1),
(23, 5, 1, 155.48, 1),
(23, 8, 3, 339.05, 1),
(23, 19, 2, 97.79, 1),
(24, 15, 1, 135.81, 1),
(24, 9, 1, 206.20, 1),
(24, 19, 3, 97.79, 1),
(24, 15, 2, 135.81, 1),
(24, 17, 2, 132.72, 1),
(25, 17, 2, 132.72, 1),
(25, 1, 2, 29.58, 1),
(25, 12, 3, 35.43, 1),
(26, 12, 1, 35.43, 1),
(26, 10, 1, 362.91, 1),
(26, 6, 2, 214.16, 1),
(26, 3, 2, 420.22, 1),
(27, 4, 2, 40.30, 1),
(28, 16, 2, 210.96, 1),
(28, 3, 1, 420.22, 1),
(28, 8, 2, 339.05, 1),
(28, 19, 2, 97.79, 1),
(28, 19, 3, 97.79, 1),
(29, 17, 1, 132.72, 1),
(29, 13, 2, 457.98, 1),
(29, 1, 2, 29.58, 1),
(29, 12, 1, 35.43, 1),
(29, 14, 3, 389.21, 1),
(30, 7, 1, 8.10, 1),
(31, 6, 2, 214.16, 1),
(31, 6, 2, 214.16, 1),
(31, 13, 2, 457.98, 1),
(32, 13, 1, 457.98, 1),
(32, 6, 2, 214.16, 1),
(32, 20, 2, 328.87, 1),
(32, 7, 3, 8.10, 1),
(32, 18, 2, 334.23, 1),
(33, 2, 3, 319.07, 1),
(33, 3, 1, 420.22, 1),
(33, 17, 3, 132.72, 1),
(33, 5, 1, 155.48, 1),
(33, 18, 1, 334.23, 1),
(34, 17, 2, 132.72, 1),
(34, 19, 3, 97.79, 1),
(35, 11, 3, 186.59, 1),
(35, 10, 3, 362.91, 1),
(36, 9, 2, 206.20, 1),
(36, 6, 2, 214.16, 1),
(36, 15, 3, 135.81, 1),
(37, 11, 3, 186.59, 1),
(37, 13, 1, 457.98, 1),
(37, 19, 3, 97.79, 1),
(38, 6, 3, 214.16, 1),
(39, 15, 2, 135.81, 1),
(39, 10, 3, 362.91, 1),
(39, 12, 1, 35.43, 1),
(40, 19, 3, 97.79, 1),
(40, 10, 1, 362.91, 1),
(40, 20, 1, 328.87, 1),
(40, 2, 3, 319.07, 1),
(41, 4, 2, 40.30, 1),
(41, 14, 3, 389.21, 1),
(42, 15, 3, 135.81, 1),
(42, 11, 3, 186.59, 1),
(42, 17, 1, 132.72, 1),
(42, 2, 1, 319.07, 1),
(43, 7, 1, 8.10, 1),
(44, 16, 3, 210.96, 1),
(44, 3, 2, 420.22, 1),
(45, 4, 2, 40.30, 1),
(45, 12, 3, 35.43, 1),
(45, 17, 3, 132.72, 1),
(45, 12, 3, 35.43, 1),
(45, 17, 2, 132.72, 1),
(46, 13, 2, 457.98, 1),
(46, 15, 1, 135.81, 1),
(46, 10, 1, 362.91, 1),
(46, 13, 1, 457.98, 1),
(46, 15, 1, 135.81, 1),
(47, 19, 1, 97.79, 1),
(47, 13, 3, 457.98, 1),
(47, 12, 3, 35.43, 1),
(48, 9, 1, 206.20, 1),
(48, 8, 3, 339.05, 1),
(48, 1, 2, 29.58, 1),
(48, 3, 1, 420.22, 1),
(48, 14, 2, 389.21, 1),
(49, 12, 1, 35.43, 1),
(50, 7, 3, 8.10, 1),
(50, 20, 3, 328.87, 1),
(50, 9, 2, 206.20, 1),
(50, 3, 1, 420.22, 1),
(51, 14, 1, 389.21, 1),
(51, 15, 1, 135.81, 1),
(51, 17, 3, 132.72, 1),
(51, 2, 2, 319.07, 1),
(51, 17, 2, 132.72, 1),
(52, 7, 1, 8.10, 1),
(52, 3, 2, 420.22, 1),
(53, 7, 1, 8.10, 1),
(53, 11, 1, 186.59, 1),
(53, 6, 3, 214.16, 1),
(53, 6, 1, 214.16, 1),
(53, 4, 3, 40.30, 1),
(54, 11, 2, 186.59, 1),
(54, 8, 1, 339.05, 1),
(54, 15, 2, 135.81, 1),
(54, 17, 1, 132.72, 1),
(55, 13, 1, 457.98, 1),
(55, 9, 1, 206.20, 1),
(56, 3, 2, 420.22, 1),
(57, 14, 3, 389.21, 1),
(57, 12, 3, 35.43, 1),
(57, 7, 3, 8.10, 1),
(57, 14, 3, 389.21, 1),
(57, 8, 3, 339.05, 1),
(58, 20, 2, 328.87, 1),
(58, 11, 3, 186.59, 1),
(59, 3, 3, 420.22, 1),
(60, 2, 3, 319.07, 1),
(60, 4, 1, 40.30, 1),
(60, 4, 3, 40.30, 1),
(61, 4, 1, 40.30, 1),
(61, 17, 2, 132.72, 1),
(62, 14, 3, 389.21, 1),
(62, 17, 1, 132.72, 1),
(62, 3, 2, 420.22, 1),
(62, 9, 2, 206.20, 1),
(63, 12, 2, 35.43, 1),
(63, 13, 1, 457.98, 1),
(64, 6, 2, 214.16, 1),
(64, 14, 2, 389.21, 1),
(64, 2, 3, 319.07, 1),
(64, 9, 2, 206.20, 1),
(64, 10, 2, 362.91, 1),
(65, 8, 2, 339.05, 1),
(65, 17, 3, 132.72, 1),
(65, 19, 3, 97.79, 1),
(66, 2, 1, 319.07, 1),
(66, 12, 2, 35.43, 1),
(66, 10, 2, 362.91, 1),
(67, 15, 3, 135.81, 1),
(67, 15, 2, 135.81, 1),
(67, 5, 2, 155.48, 1),
(67, 18, 2, 334.23, 1),
(67, 1, 3, 29.58, 1),
(68, 11, 3, 186.59, 1),
(68, 20, 3, 328.87, 1),
(68, 5, 1, 155.48, 1),
(68, 5, 1, 155.48, 1),
(69, 14, 3, 389.21, 1),
(69, 2, 1, 319.07, 1),
(69, 12, 1, 35.43, 1),
(69, 6, 3, 214.16, 1),
(70, 10, 1, 362.91, 1),
(70, 4, 2, 40.30, 1),
(71, 3, 2, 420.22, 1),
(71, 5, 2, 155.48, 1),
(71, 16, 2, 210.96, 1),
(71, 16, 1, 210.96, 1),
(72, 13, 1, 457.98, 1),
(72, 19, 2, 97.79, 1),
(73, 10, 3, 362.91, 1),
(73, 17, 1, 132.72, 1),
(73, 11, 1, 186.59, 1),
(73, 17, 2, 132.72, 1),
(74, 8, 2, 339.05, 1),
(74, 1, 2, 29.58, 1),
(75, 3, 2, 420.22, 1),
(75, 12, 1, 35.43, 1),
(75, 13, 1, 457.98, 1),
(75, 15, 3, 135.81, 1),
(76, 16, 1, 210.96, 1),
(76, 6, 2, 214.16, 1),
(76, 4, 3, 40.30, 1),
(77, 7, 1, 8.10, 1),
(77, 15, 1, 135.81, 1),
(77, 3, 2, 420.22, 1),
(77, 17, 3, 132.72, 1),
(78, 6, 3, 214.16, 1),
(78, 6, 3, 214.16, 1),
(79, 17, 3, 132.72, 1),
(80, 8, 1, 339.05, 1),
(80, 19, 1, 97.79, 1),
(80, 17, 1, 132.72, 1),
(80, 18, 1, 334.23, 1),
(81, 16, 1, 210.96, 1),
(81, 10, 1, 362.91, 1),
(81, 15, 3, 135.81, 1),
(81, 8, 1, 339.05, 1),
(82, 15, 3, 135.81, 1),
(82, 15, 3, 135.81, 1),
(82, 20, 1, 328.87, 1),
(82, 1, 3, 29.58, 1),
(82, 17, 1, 132.72, 1),
(83, 1, 2, 29.58, 1),
(83, 10, 1, 362.91, 1),
(83, 3, 3, 420.22, 1),
(83, 7, 1, 8.10, 1),
(83, 13, 2, 457.98, 1),
(84, 7, 3, 8.10, 1),
(84, 2, 2, 319.07, 1),
(84, 6, 2, 214.16, 1),
(85, 8, 2, 339.05, 1),
(85, 12, 2, 35.43, 1),
(85, 14, 2, 389.21, 1),
(85, 20, 1, 328.87, 1),
(85, 14, 3, 389.21, 1),
(86, 4, 2, 40.30, 1),
(86, 7, 1, 8.10, 1),
(86, 12, 3, 35.43, 1),
(86, 5, 2, 155.48, 1),
(86, 8, 1, 339.05, 1),
(87, 20, 1, 328.87, 1),
(87, 12, 2, 35.43, 1),
(87, 10, 2, 362.91, 1),
(88, 15, 3, 135.81, 1),
(88, 9, 2, 206.20, 1),
(89, 11, 1, 186.59, 1),
(89, 4, 3, 40.30, 1),
(89, 3, 1, 420.22, 1),
(89, 20, 2, 328.87, 1),
(90, 4, 3, 40.30, 1),
(91, 8, 2, 339.05, 1),
(91, 5, 1, 155.48, 1),
(91, 19, 3, 97.79, 1),
(92, 14, 3, 389.21, 1),
(92, 3, 1, 420.22, 1),
(92, 11, 3, 186.59, 1),
(92, 6, 3, 214.16, 1),
(92, 18, 2, 334.23, 1),
(93, 17, 1, 132.72, 1),
(93, 19, 1, 97.79, 1),
(93, 19, 3, 97.79, 1),
(93, 13, 3, 457.98, 1),
(94, 1, 2, 29.58, 1),
(94, 5, 1, 155.48, 1),
(94, 1, 1, 29.58, 1),
(94, 5, 1, 155.48, 1),
(94, 11, 3, 186.59, 1),
(95, 8, 2, 339.05, 1),
(95, 13, 1, 457.98, 1),
(95, 3, 2, 420.22, 1),
(96, 5, 1, 155.48, 1),
(96, 18, 3, 334.23, 1),
(97, 12, 1, 35.43, 1),
(97, 9, 1, 206.20, 1),
(97, 14, 2, 389.21, 1),
(97, 8, 1, 339.05, 1),
(98, 16, 3, 210.96, 1),
(98, 19, 1, 97.79, 1),
(98, 20, 1, 328.87, 1),
(98, 12, 2, 35.43, 1),
(99, 10, 2, 362.91, 1),
(99, 8, 1, 339.05, 1),
(100, 19, 3, 97.79, 1),
(101, 2, 3, 319.07, 1),
(101, 2, 2, 319.07, 1),
(101, 12, 1, 35.43, 1),
(101, 3, 3, 420.22, 1),
(101, 4, 3, 40.30, 1),
(102, 1, 2, 29.58, 1),
(102, 8, 1, 339.05, 1),
(102, 6, 2, 214.16, 1),
(103, 20, 1, 328.87, 1),
(103, 4, 1, 40.30, 1),
(103, 7, 1, 8.10, 1),
(103, 16, 1, 210.96, 1),
(104, 19, 1, 97.79, 1),
(104, 3, 3, 420.22, 1),
(104, 6, 2, 214.16, 1),
(104, 3, 3, 420.22, 1),
(105, 4, 3, 40.30, 1),
(105, 14, 3, 389.21, 1),
(105, 2, 1, 319.07, 1),
(105, 15, 1, 135.81, 1),
(106, 13, 1, 457.98, 1),
(106, 10, 2, 362.91, 1),
(106, 15, 3, 135.81, 1),
(107, 14, 3, 389.21, 1),
(107, 14, 3, 389.21, 1),
(107, 19, 1, 97.79, 1),
(107, 11, 3, 186.59, 1),
(107, 7, 1, 8.10, 1),
(108, 12, 1, 35.43, 1),
(108, 3, 3, 420.22, 1),
(108, 2, 1, 319.07, 1),
(108, 16, 2, 210.96, 1),
(108, 13, 3, 457.98, 1),
(109, 20, 3, 328.87, 1),
(109, 6, 3, 214.16, 1),
(109, 11, 3, 186.59, 1),
(109, 18, 1, 334.23, 1),
(110, 14, 3, 389.21, 1),
(111, 6, 3, 214.16, 1),
(111, 3, 1, 420.22, 1),
(112, 1, 3, 29.58, 1),
(112, 10, 2, 362.91, 1),
(112, 18, 3, 334.23, 1),
(112, 5, 1, 155.48, 1),
(113, 10, 2, 362.91, 1),
(113, 16, 1, 210.96, 1),
(113, 9, 3, 206.20, 1),
(113, 11, 1, 186.59, 1),
(114, 13, 2, 457.98, 1),
(114, 3, 1, 420.22, 1),
(114, 20, 2, 328.87, 1),
(114, 1, 3, 29.58, 1),
(115, 18, 1, 334.23, 1),
(115, 19, 3, 97.79, 1),
(115, 14, 3, 389.21, 1),
(115, 16, 2, 210.96, 1),
(116, 10, 2, 362.91, 1),
(116, 17, 1, 132.72, 1),
(116, 18, 1, 334.23, 1),
(116, 7, 1, 8.10, 1),
(117, 2, 3, 319.07, 1),
(118, 20, 1, 328.87, 1),
(118, 9, 3, 206.20, 1),
(118, 1, 3, 29.58, 1),
(119, 12, 3, 35.43, 1),
(120, 3, 2, 420.22, 1),
(121, 2, 2, 319.07, 1),
(121, 19, 3, 97.79, 1),
(122, 4, 2, 40.30, 1),
(122, 9, 1, 206.20, 1),
(122, 8, 3, 339.05, 1),
(122, 3, 3, 420.22, 1),
(123, 14, 2, 389.21, 1),
(123, 20, 1, 328.87, 1),
(123, 8, 1, 339.05, 1),
(124, 6, 1, 214.16, 1),
(125, 10, 2, 362.91, 1),
(126, 14, 2, 389.21, 1),
(126, 20, 3, 328.87, 1),
(126, 14, 2, 389.21, 1),
(126, 19, 1, 97.79, 1),
(127, 8, 3, 339.05, 1),
(127, 19, 1, 97.79, 1),
(127, 18, 1, 334.23, 1),
(128, 12, 1, 35.43, 1),
(128, 6, 2, 214.16, 1),
(129, 15, 2, 135.81, 1),
(129, 16, 1, 210.96, 1),
(129, 10, 3, 362.91, 1),
(130, 6, 2, 214.16, 1),
(130, 20, 2, 328.87, 1),
(130, 5, 1, 155.48, 1),
(131, 7, 3, 8.10, 1),
(132, 2, 1, 319.07, 1),
(133, 1, 3, 29.58, 1),
(133, 8, 2, 339.05, 1),
(133, 1, 1, 29.58, 1),
(133, 15, 3, 135.81, 1),
(133, 12, 3, 35.43, 1),
(134, 1, 3, 29.58, 1),
(134, 10, 1, 362.91, 1),
(134, 19, 3, 97.79, 1),
(134, 20, 3, 328.87, 1),
(135, 2, 2, 319.07, 1),
(135, 7, 2, 8.10, 1),
(136, 16, 1, 210.96, 1),
(136, 18, 3, 334.23, 1),
(136, 5, 2, 155.48, 1),
(137, 20, 1, 328.87, 1),
(137, 20, 2, 328.87, 1),
(137, 20, 2, 328.87, 1),
(137, 17, 1, 132.72, 1),
(138, 14, 3, 389.21, 1),
(138, 3, 1, 420.22, 1),
(138, 13, 3, 457.98, 1),
(138, 20, 1, 328.87, 1),
(138, 16, 2, 210.96, 1),
(139, 11, 3, 186.59, 1),
(139, 5, 2, 155.48, 1),
(139, 4, 3, 40.30, 1),
(139, 11, 1, 186.59, 1),
(139, 5, 1, 155.48, 1),
(140, 4, 1, 40.30, 1),
(140, 18, 2, 334.23, 1),
(140, 9, 3, 206.20, 1),
(140, 7, 3, 8.10, 1),
(141, 17, 2, 132.72, 1),
(141, 16, 2, 210.96, 1),
(142, 10, 2, 362.91, 1),
(142, 13, 3, 457.98, 1),
(143, 9, 3, 206.20, 1),
(143, 9, 1, 206.20, 1),
(143, 20, 3, 328.87, 1),
(144, 8, 3, 339.05, 1),
(144, 9, 2, 206.20, 1),
(145, 13, 1, 457.98, 1),
(146, 5, 2, 155.48, 1),
(146, 8, 3, 339.05, 1),
(146, 20, 1, 328.87, 1),
(147, 18, 1, 334.23, 1),
(147, 19, 2, 97.79, 1),
(147, 12, 2, 35.43, 1),
(148, 5, 1, 155.48, 1),
(148, 5, 3, 155.48, 1),
(148, 10, 1, 362.91, 1),
(149, 9, 2, 206.20, 1),
(149, 1, 2, 29.58, 1),
(149, 8, 2, 339.05, 1),
(149, 5, 1, 155.48, 1),
(149, 11, 2, 186.59, 1),
(150, 15, 2, 135.81, 1),
(150, 8, 1, 339.05, 1),
(150, 11, 2, 186.59, 1),
(150, 10, 2, 362.91, 1),
(150, 8, 2, 339.05, 1),
(151, 11, 3, 186.59, 1),
(151, 16, 1, 210.96, 1),
(152, 15, 2, 135.81, 1),
(152, 9, 1, 206.20, 1),
(152, 18, 1, 334.23, 1),
(152, 4, 1, 40.30, 1),
(153, 7, 2, 8.10, 1),
(153, 17, 2, 132.72, 1),
(154, 6, 1, 214.16, 1),
(154, 15, 3, 135.81, 1),
(154, 19, 2, 97.79, 1),
(154, 20, 1, 328.87, 1),
(155, 11, 1, 186.59, 1),
(155, 8, 1, 339.05, 1),
(155, 3, 1, 420.22, 1),
(155, 20, 3, 328.87, 1),
(155, 19, 3, 97.79, 1),
(156, 1, 1, 29.58, 1),
(157, 20, 2, 328.87, 1),
(157, 17, 1, 132.72, 1),
(157, 4, 1, 40.30, 1),
(157, 10, 3, 362.91, 1),
(157, 10, 1, 362.91, 1),
(158, 15, 2, 135.81, 1),
(158, 18, 3, 334.23, 1),
(158, 4, 1, 40.30, 1),
(159, 13, 2, 457.98, 1),
(159, 9, 3, 206.20, 1),
(159, 9, 1, 206.20, 1),
(159, 6, 2, 214.16, 1),
(160, 10, 3, 362.91, 1),
(160, 8, 1, 339.05, 1),
(160, 18, 3, 334.23, 1),
(160, 15, 3, 135.81, 1),
(161, 10, 3, 362.91, 1),
(161, 7, 1, 8.10, 1),
(162, 8, 2, 339.05, 1),
(163, 4, 3, 40.30, 1),
(163, 16, 1, 210.96, 1),
(163, 8, 1, 339.05, 1),
(164, 10, 1, 362.91, 1),
(164, 8, 3, 339.05, 1),
(164, 19, 3, 97.79, 1),
(164, 19, 1, 97.79, 1),
(165, 12, 3, 35.43, 1),
(165, 9, 2, 206.20, 1),
(165, 10, 2, 362.91, 1),
(166, 14, 3, 389.21, 1),
(166, 19, 1, 97.79, 1),
(166, 2, 1, 319.07, 1),
(166, 8, 2, 339.05, 1),
(166, 9, 3, 206.20, 1),
(167, 11, 2, 186.59, 1),
(168, 19, 1, 97.79, 1),
(168, 5, 1, 155.48, 1),
(168, 13, 3, 457.98, 1),
(168, 13, 2, 457.98, 1),
(169, 2, 1, 319.07, 1),
(169, 13, 2, 457.98, 1),
(169, 11, 3, 186.59, 1),
(170, 1, 3, 29.58, 1),
(170, 20, 2, 328.87, 1),
(170, 18, 2, 334.23, 1),
(170, 17, 1, 132.72, 1),
(170, 18, 1, 334.23, 1),
(171, 11, 2, 186.59, 1),
(171, 9, 1, 206.20, 1),
(171, 19, 3, 97.79, 1),
(171, 11, 1, 186.59, 1),
(171, 8, 2, 339.05, 1),
(172, 12, 2, 35.43, 1),
(172, 5, 3, 155.48, 1),
(172, 14, 1, 389.21, 1),
(172, 7, 3, 8.10, 1),
(173, 16, 3, 210.96, 1),
(173, 2, 3, 319.07, 1),
(173, 8, 1, 339.05, 1),
(173, 3, 2, 420.22, 1),
(173, 17, 3, 132.72, 1),
(174, 20, 2, 328.87, 1),
(174, 1, 3, 29.58, 1),
(174, 16, 2, 210.96, 1),
(175, 2, 3, 319.07, 1),
(176, 12, 3, 35.43, 1),
(176, 12, 2, 35.43, 1),
(176, 9, 2, 206.20, 1),
(176, 17, 3, 132.72, 1),
(177, 8, 2, 339.05, 1),
(177, 11, 2, 186.59, 1),
(177, 4, 1, 40.30, 1),
(177, 1, 2, 29.58, 1),
(178, 6, 2, 214.16, 1),
(178, 5, 2, 155.48, 1),
(179, 10, 3, 362.91, 1),
(179, 17, 3, 132.72, 1),
(179, 15, 2, 135.81, 1),
(180, 15, 2, 135.81, 1),
(180, 11, 3, 186.59, 1),
(180, 13, 1, 457.98, 1),
(180, 12, 3, 35.43, 1),
(180, 4, 1, 40.30, 1),
(181, 14, 3, 389.21, 1),
(181, 10, 2, 362.91, 1),
(182, 15, 3, 135.81, 1),
(182, 18, 1, 334.23, 1),
(182, 4, 1, 40.30, 1),
(183, 3, 3, 420.22, 1),
(183, 15, 1, 135.81, 1),
(183, 2, 3, 319.07, 1),
(184, 15, 3, 135.81, 1),
(184, 10, 3, 362.91, 1),
(184, 6, 2, 214.16, 1),
(185, 18, 3, 334.23, 1),
(185, 15, 3, 135.81, 1),
(185, 19, 2, 97.79, 1),
(185, 4, 3, 40.30, 1),
(185, 19, 2, 97.79, 1),
(186, 1, 3, 29.58, 1),
(186, 1, 2, 29.58, 1),
(186, 10, 1, 362.91, 1),
(186, 16, 2, 210.96, 1),
(187, 8, 1, 339.05, 1),
(188, 12, 3, 35.43, 1),
(188, 8, 2, 339.05, 1),
(188, 14, 1, 389.21, 1),
(189, 2, 3, 319.07, 1),
(189, 3, 3, 420.22, 1),
(189, 7, 3, 8.10, 1),
(190, 5, 3, 155.48, 1),
(190, 15, 1, 135.81, 1),
(190, 15, 3, 135.81, 1),
(190, 13, 2, 457.98, 1),
(191, 4, 2, 40.30, 1),
(192, 2, 1, 319.07, 1),
(193, 16, 2, 210.96, 1),
(193, 7, 3, 8.10, 1),
(194, 14, 3, 389.21, 1),
(194, 7, 3, 8.10, 1),
(194, 15, 2, 135.81, 1),
(194, 10, 2, 362.91, 1),
(195, 16, 1, 210.96, 1),
(195, 2, 2, 319.07, 1),
(195, 12, 2, 35.43, 1),
(195, 14, 3, 389.21, 1),
(196, 7, 1, 8.10, 1),
(197, 8, 1, 339.05, 1),
(197, 8, 1, 339.05, 1),
(197, 12, 2, 35.43, 1),
(198, 15, 1, 135.81, 1),
(199, 13, 2, 457.98, 1),
(200, 10, 1, 362.91, 1);

--
-- Déclencheurs `order_items`
--
DELIMITER $$
CREATE TRIGGER `bi_order_items_set_date` BEFORE INSERT ON `order_items` FOR EACH ROW BEGIN
  DECLARE v_date_id INT;

  IF NEW.date_id IS NULL THEN
    SELECT id_date INTO v_date_id
    FROM `dates`
    WHERE full_date = CURRENT_DATE
    LIMIT 1;

    IF v_date_id IS NULL THEN
      INSERT INTO `dates` (full_date) VALUES (CURRENT_DATE);
      SET v_date_id = LAST_INSERT_ID();
    END IF;

    SET NEW.date_id = v_date_id;
  END IF;
END
$$
DELIMITER ;

-- --------------------------------------------------------

--
-- Structure de la table `products`
--

CREATE TABLE `products` (
  `id_product` int(2) NOT NULL,
  `name` varchar(10) DEFAULT NULL,
  `category` varchar(12) DEFAULT NULL,
  `price` decimal(5,2) DEFAULT NULL
) ENGINE=InnoDB DEFAULT CHARSET=utf8 COLLATE=utf8_general_ci;

--
-- Déchargement des données de la table `products`
--

INSERT INTO `products` (`id_product`, `name`, `category`, `price`) VALUES
(1, 'Produit_1', 'Maison', 29.58),
(2, 'Produit_2', 'Maison', 319.07),
(3, 'Produit_3', 'Électronique', 420.22),
(4, 'Produit_4', 'Maison', 40.30),
(5, 'Produit_5', 'Électronique', 155.48),
(6, 'Produit_6', 'Électronique', 214.16),
(7, 'Produit_7', 'Électronique', 8.10),
(8, 'Produit_8', 'Vêtements', 339.05),
(9, 'Produit_9', 'Électronique', 206.20),
(10, 'Produit_10', 'Vêtements', 362.91),
(11, 'Produit_11', 'Électronique', 186.59),
(12, 'Produit_12', 'Vêtements', 35.43),
(13, 'Produit_13', 'Électronique', 457.98),
(14, 'Produit_14', 'Électronique', 389.21),
(15, 'Produit_15', 'Vêtements', 135.81),
(16, 'Produit_16', 'Vêtements', 210.96),
(17, 'Produit_17', 'Maison', 132.72),
(18, 'Produit_18', 'Maison', 334.23),
(19, 'Produit_19', 'Électronique', 97.79),
(20, 'Produit_20', 'Électronique', 328.87);

--
-- Index pour les tables déchargées
--

--
-- Index pour la table `customers`
--
ALTER TABLE `customers`
  ADD PRIMARY KEY (`id_customer`);

--
-- Index pour la table `dates`
--
ALTER TABLE `dates`
  ADD PRIMARY KEY (`id_date`),
  ADD UNIQUE KEY `uk_full_date` (`full_date`);

--
-- Index pour la table `orders`
--
ALTER TABLE `orders`
  ADD PRIMARY KEY (`id_order`);

--
-- Index pour la table `order_items`
--
ALTER TABLE `order_items`
  ADD KEY `fk_order_items_date` (`date_id`);

--
-- Index pour la table `products`
--
ALTER TABLE `products`
  ADD PRIMARY KEY (`id_product`);

--
-- AUTO_INCREMENT pour les tables déchargées
--

--
-- AUTO_INCREMENT pour la table `customers`
--
ALTER TABLE `customers`
  MODIFY `id_customer` int(2) NOT NULL AUTO_INCREMENT, AUTO_INCREMENT=51;

--
-- AUTO_INCREMENT pour la table `dates`
--
ALTER TABLE `dates`
  MODIFY `id_date` int(11) NOT NULL AUTO_INCREMENT, AUTO_INCREMENT=3;

--
-- AUTO_INCREMENT pour la table `products`
--
ALTER TABLE `products`
  MODIFY `id_product` int(2) NOT NULL AUTO_INCREMENT, AUTO_INCREMENT=21;

--
-- Contraintes pour les tables déchargées
--

--
-- Contraintes pour la table `order_items`
--
ALTER TABLE `order_items`
  ADD CONSTRAINT `fk_order_items_date` FOREIGN KEY (`date_id`) REFERENCES `dates` (`id_date`);
COMMIT;

/*!40101 SET CHARACTER_SET_CLIENT=@OLD_CHARACTER_SET_CLIENT */;
/*!40101 SET CHARACTER_SET_RESULTS=@OLD_CHARACTER_SET_RESULTS */;
/*!40101 SET COLLATION_CONNECTION=@OLD_COLLATION_CONNECTION */;
